Drake,,,,,
Bad Bunny,,,,,
Taylor Swift,,,,,
The Weeknd,,,,,
Justin Bieber,,,,,
Ed Sheeran,,,,,
Eminem,,,,,
Ariana Grande,,,,,
Travis Scott,,,,,
Kanye West,,,,,
Post Malone,,,,,
J Balvin,,,,,
Rihanna,,,,,
BTS,,,,,
Ozuna,,,,,
Juice WRLD,,,,,
Future,,,,,
Nicki Minaj,,,,,
Kendrick Lamar,,,,,
Billie Eilish,,,,,
Chris Brown,,,,,
Imagine Dragons,,,,,
Bruno Mars,,,,,
XXXTENTACION,,,,,
Coldplay,,,,,
Dua Lipa,,,,,
Daddy Yankee,,,,,
Khalid,,,,,
Lil Wayne,,,,,
David Guetta,,,,,
21 Savage,,,,,
Anuel AA,,,,,
Lil Baby,,,,,
Maroon 5,,,,,
Lil Uzi Vert,,,,,
Maluma,,,,,
Lana Del Rey,,,,,
Beyonce,,,,,
Rauw Alejandro,,,,,
Calvin Harris,,,,,
Sia,,,,,
Shawn Mendes,,,,,
J. Cole,,,,,
Young Thug,,,,,
Sam Smith,,,,,
Farruko,,,,,
Queen,,,,,
KAROL G,,,,,
Harry Styles,,,,,
Doja Cat,,,,,
Myke Towers,,,,,
Selena Gomez,,,,,
Lady Gaga,,,,,
Nicky Jam,,,,,
One Direction,,,,,
SZA,,,,,
Halsey,,,,,
Adele,,,,,
Ty Dolla $ign,,,,,
Shakira,,,,,
Wiz Khalifa,,,,,
Katy Perry,,,,,
The Chainsmokers,,,,,
The Beatles,,,,,
Feid,,,,,
Linkin Park,,,,,
Cardi B,,,,,
Gunna,,,,,
Marshmello,,,,,
Arctic Monkeys,,,,,
Miley Cyrus,,,,,
DaBaby,,,,,
JAY-Z,,,,,
Camila Cabello,,,,,
Metro Boomin,,,,,
Avicii,,,,,
A$AP Rocky,,,,,
Arijit Singh,,,,,
Quavo,,,,,
Pitbull,,,,,
Twenty One Pilots,,,,,
Olivia Rodrigo,,,,,
Kygo,,,,,
Sech,,,,,
Tyga,,,,,
Frank Ocean,,,,,
"Tyler, The Creator",,,,,
Red Hot Chili Peppers,,,,,
Snoop Dogg,,,,,
Trippie Redd,,,,,
OneRepublic,,,,,
Jason Derulo,,,,,
Bebe Rexha,,,,,
Morgan Wallen,,,,,
Demi Lovato,,,,,
Mac Miller,,,,,
Arcangel,,,,,
Michael Jackson,,,,,
A Boogie Wit da Hoodie,,,,,
Pop Smoke,,,,,
Charlie Puth,,,,,
Big Sean,,,,,
Swae Lee,,,,,
Migos,,,,,
YoungBoy Never Broke Again,,,,,
Elton John,,,,,
Kodak Black,,,,,
$uicideboy$,,,,,
Sebastian Yatra,,,,,
Tiesto,,,,,
50 Cent,,,,,
Peso Pluma,,,,,
BLACKPINK,,,,,
G-Eazy,,,,,
Metallica,,,,,
Diplo,,,,,
Lil Peep,,,,,
Romeo Santos,,,,,
Manuel Turizo,,,,,
Gucci Mane,,,,,
Ellie Goulding,,,,,
Polo G,,,,,
Daft Punk,,,,,
DJ Snake,,,,,
Playboi Carti,,,,,
Alan Walker,,,,,
P!nk,,,,,
Justin Timberlake,,,,,
Jhayco,,,,,
2 Chainz,,,,,
Sean Paul,,,,,
Marilia Mendonça,,,,,
Panic! At The Disco,,,,,
Logic,,,,,
Pritam,,,,,
James Arthur,,,,,
Die drei ???,,,,,
The Neighbourhood,,,,,
Justin Quiles,,,,,
Tory Lanez,,,,,
Offset,,,,,
Lil Nas X,,,,,
Roddy Ricch,,,,,
AC/DC,,,,,
Martin Garrix,,,,,
Lil Durk,,,,,
Junior H,,,,,
Disney,,,,,
Luis Miguel,,,,,
Fall Out Boy,,,,,
Pharrell Williams,,,,,
USHER,,,,,
Kid Cudi,,,,,
Major Lazer,,,,,
Bizarrap,,,,,
Lenny Tavarez,,,,,
NF,,,,,
John Mayer,,,,,
blackbear,,,,,
Wisin,,,,,
Luke Combs,,,,,
Joji,,,,,
Duki,,,,,
Nirvana,,,,,
The Kid LAROI,,,,,
Britney Spears,,,,,
Lewis Capaldi,,,,,
Akon,,,,,
5 Seconds of Summer,,,,,
Flo Rida,,,,,
Becky G,,,,,
Don Omar,,,,,
Anitta,,,,,
Anne-Marie,,,,,
ROSALiA,,,,,
Black Eyed Peas,,,,,
Green Day,,,,,
Robin Schulz,,,,,
Zedd,,,,,
Chance the Rapper,,,,,
Henrique & Juliano,,,,,
Lil Yachty,,,,,
Lauv,,,,,
ZAYN,,,,,
Lil Tjay,,,,,
Fleetwood Mac,,,,,
Zara Larsson,,,,,
Macklemore,,,,,
Zion & Lennox,,,,,
Camilo,,,,,
French Montana,,,,,
Bob Marley & The Wailers,,,,,
John Legend,,,,,
Little Mix,,,,,
Michael Buble,,,,,
Kali Uchis,,,,,
DJ Khaled,,,,,
Jorge & Mateus,,,,,
Jack Harlow,,,,,
Childish Gambino,,,,,
2Pac,,,,,
Pink Floyd,,,,,
Morat,,,,,
Dr. Dre,,,,,
Skrillex,,,,,
Guns N' Roses,,,,,
Ne-Yo,,,,,
Enrique Iglesias,,,,,
Mariah Carey,,,,,
Ava Max,,,,,
Christian Nodal,,,,,
The Rolling Stones,,,,,
Meghan Trainor,,,,,
Hozier,,,,,
Rick Ross,,,,,
Gorillaz,,,,,
Megan Thee Stallion,,,,,
Miguel,,,,,
Bryson Tiller,,,,,
Reik,,,,,
Banda MS de Sergio Lizarraga,,,,,
Yandel,,,,,
Meek Mill,,,,,
Gusttavo Lima,,,,,
Alessia Cara,,,,,
Florida Georgia Line,,,,,
Clean Bandit,,,,,
Natanael Cano,,,,,
Labrinth,,,,,
Don Toliver,,,,,
Darell,,,,,
Russ,,,,,
Radiohead,,,,,
Jul,,,,,
Alicia Keys,,,,,
Melanie Martinez,,,,,
TWICE,,,,,
Tame Impala,,,,,
Jonas Blue,,,,,
Frank Sinatra,,,,,
Luis Fonsi,,,,,
Lorde,,,,,
Jeremih,,,,,
Wisin & Yandel,,,,,
Elvis Presley,,,,,
Troye Sivan,,,,,
Christina Aguilera,,,,,
Foo Fighters,,,,,
Ninho,,,,,
U2,,,,,
David Bowie,,,,,
blink-182,,,,,
System Of A Down,,,,,
Julia Michaels,,,,,
ABBA,,,,,
YG,,,,,
Bastille,,,,,
The Notorious B.I.G.,,,,,
The 1975,,,,,
Jhene Aiko,,,,,
NAV,,,,,
Carin Leon,,,,,
Quevedo,,,,,
Kehlani,,,,,
The Killers,,,,,
Daniel Caesar,,,,,
Paulo Londra,,,,,
Fuerza Regida,,,,,
Ñengo Flow,,,,,
Rels B,,,,,
Dalex,,,,,
Eladio Carrion,,,,,
Paramore,,,,,
Madonna,,,,,
PARTYNEXTDOOR,,,,,
Mora,,,,,
Rammstein,,,,,
T-Pain,,,,,
Grupo Firme,,,,,
Tainy,,,,,
Led Zeppelin,,,,,
Slipknot,,,,,
Chencho Corleone,,,,,
Tove Lo,,,,,
Creedence Clearwater Revival,,,,,
Kesha,,,,,
Bon Jovi,,,,,
Alok,,,,,
6ix9ine,,,,,
De La Ghetto,,,,,
mgk,,,,,
Rita Ora,,,,,
Marc Anthony,,,,,
Anderson .Paak,,,,,
Stray Kids,,,,,
Brent Faiyaz,,,,,
Ze Neto & Cristiano,,,,,
Lil Tecca,,,,,
Tate McRae,,,,,
The Lumineers,,,,,
Rae Sremmurd,,,,,
NATTI NATASHA,,,,,
6LACK,,,,,
Anirudh Ravichander,,,,,
Zach Bryan,,,,,
Jonas Brothers,,,,,
Bonez MC,,,,,
Maria Becerra,,,,,
T.I.,,,,,
Fetty Wap,,,,,
Luke Bryan,,,,,
Wizkid,,,,,
Muse,,,,,
Bryant Myers,,,,,
Oasis,,,,,
Jennifer Lopez,,,,,
Matheus & Kauan,,,,,
Niall Horan,,,,,
Bring Me The Horizon,,,,,
Felix Jaehn,,,,,
Ludacris,,,,,
Sfera Ebbasta,,,,,
Charli XCX,,,,,
My Chemical Romance,,,,,
Jack Johnson,,,,,
Maneskin,,,,,
Juicy J,,,,,
Conan Gray,,,,,
Glass Animals,,,,,
Piso 21,,,,,
League of Legends,,,,,
RAF Camora,,,,,
JID,,,,,
Summer Walker,,,,,
Hailee Steinfeld,,,,,
Florence + The Machine,,,,,
Jess Glynne,,,,,
Nickelback,,,,,
Kelly Clarkson,,,,,
Whitney Houston,,,,,
Alesso,,,,,
R3HAB,,,,,
Mana,,,,,
Kevin Gates,,,,,
Mumford & Sons,,,,,
Steve Aoki,,,,,
Mo,,,,,
Bazzi,,,,,
ScHoolboy Q,,,,,
Stevie Wonder,,,,,
Bruce Springsteen,,,,,
Cartel De Santa,,,,,
Mark Ronson,,,,,
Aventura,,,,,
NLE Choppa,,,,,
Prince Royce,,,,,
Chris Stapleton,,,,,
Alejandro Fernandez,,,,,
Kings of Leon,,,,,
Steve Lacy,,,,,
Avril Lavigne,,,,,
Giveon,,,,,
Wesley Safadao,,,,,
Vance Joy,,,,,
Disclosure,,,,,
Maiara & Maraisa,,,,,
Kane Brown,,,,,
Aerosmith,,,,,
Five Finger Death Punch,,,,,
Lizzo,,,,,
Burna Boy,,,,,
Cheat Codes,,,,,
Ski Mask The Slump God,,,,,
The Script,,,,,
Danny Ocean,,,,,
Amy Winehouse,,,,,
Nate Dogg,,,,,
Brytiago,,,,,
Rex Orange County,,,,,
Calibre 50,,,,,
El Alfa,,,,,
Billy Joel,,,,,
Timbaland,,,,,
Jason Mraz,,,,,
Lost Frequencies,,,,,
YNW Melly,,,,,
Capital Bra,,,,,
Mitski,,,,,
Johnny Cash,,,,,
Macklemore & Ryan Lewis,,,,,
TINI,,,,,
H.E.R.,,,,,
iann dior,,,,,
Galantis,,,,,
Thomas Rhett,,,,,
Mac DeMarco,,,,,
Backstreet Boys,,,,,
Alejandro Sanz,,,,,
Ryan Lewis,,,,,
Trey Songz,,,,,
The Offspring,,,,,
Grupo Frontera,,,,,
Ricardo Arjona,,,,,
Fifth Harmony,,,,,
Bon Iver,,,,,
Hans Zimmer,,,,,
DJ Luian,,,,,
Lil Skies,,,,,
Nelly,,,,,
Eagles,,,,,
Mustard,,,,,
Shreya Ghoshal,,,,,
The Strokes,,,,,
Jason Aldean,,,,,
Disturbed,,,,,
Calum Scott,,,,,
Pearl Jam,,,,,
Juanes,,,,,
Glee Cast,,,,,
Dave,,,,,
Luis R Conriquez,,,,,
A$AP Ferg,,,,,
Three Days Grace,,,,,
Moneybagg Yo,,,,,
RAYE,,,,,
Nio Garcia,,,,,
Alec Benjamin,,,,,
Mambo Kingz,,,,,
Avenged Sevenfold,,,,,
Plan B,,,,,
Lil Pump,,,,,
Jay Wheeler,,,,,
SEVENTEEN,,,,,
Dean Lewis,,,,,
Phil Collins,,,,,
Rod Wave,,,,,
George Ezra,,,,,
KHEA,,,,,
Sabrina Carpenter,,,,,
Jung Kook,,,,,
Eslabon Armado,,,,,
Noriel,,,,,
James Bay,,,,,
Original Broadway Cast of Hamilton,,,,,
Yeat,,,,,
Bryan Adams,,,,,
Bee Gees,,,,,
B.o.B,,,,,
Joan Sebastian,,,,,
24kGoldn,,,,,
Vicente Fernandez,,,,,
Central Cee,,,,,
Pablo Alboran,,,,,
Celine Dion,,,,,
Los angeles Azules,,,,,
Clairo,,,,,
Dire Straits,,,,,
X Ambassadors,,,,,
AFROJACK,,,,,
LANY,,,,,
Flume,,,,,
The Police,,,,,
Armin van Buuren,,,,,
Dan + Shay,,,,,
Train,,,,,
Tones And I,,,,,
Lunay,,,,,
benny blanco,,,,,
Ricky Martin,,,,,
Luciano,,,,,
Lin-Manuel Miranda,,,,,
PnB Rock,,,,,
Cazzu,,,,,
MGMT,,,,,
Outkast,,,,,
Chase Atlantic,,,,,
La Arrolladora Banda El Limon De Rene Camacho,,,,,
Rich The Kid,,,,,
Jesse & Joy,,,,,
Jax Jones,,,,,
ILLENIUM,,,,,
Becky Hill,,,,,
AJR,,,,,
Nicki Nicole,,,,,
Daya,,,,,
Lil Mosey,,,,,
Lukas Graham,,,,,
Alfredo Olivas,,,,,
Damso,,,,,
Jessie J,,,,,
will.i.am,,,,,
MEDUZA,,,,,
Stormzy,,,,,
Cigarettes After Sex,,,,,
Maren Morris,,,,,
Bibi und Tina,,,,,
Juan Gabriel,,,,,
Iggy Azalea,,,,,
Noah Kahan,,,,,
The Cure,,,,,
Nelly Furtado,,,,,
Kid Ink,,,,,
Sam Feldt,,,,,
A.R. Rahman,,,,,
Luan Santana,,,,,
Cage The Elephant,,,,,
Passenger,,,,,
Nas,,,,,
Seeb,,,,,
Tiago PZK,,,,,
Korn,,,,,
Jeremy Zucker,,,,,
Foster The People,,,,,
Carlos Vives,,,,,
Marvin Gaye,,,,,
Lyanno,,,,,
Tom Odell,,,,,
John Williams,,,,,
Sigala,,,,,
Pentatonix,,,,,
The Smiths,,,,,
Ufo361,,,,,
CNCO,,,,,
Soda Stereo,,,,,
Cosculluela,,,,,
The Game,,,,,
Gwen Stefani,,,,,
Bob Dylan,,,,,
Hillsong Worship,,,,,
Blake Shelton,,,,,
James Blunt,,,,,
Gzuz,,,,,
Zac Brown Band,,,,,
Journey,,,,,
Juan Magan,,,,,
Madison Beer,,,,,
Iron Maiden,,,,,
Zion,,,,,
Baby Keem,,,,,
TOMORROW X TOGETHER,,,,,
Depeche Mode,,,,,
Wale,,,,,
Imanbek,,,,,
Paul McCartney,,,,,
Chief Keef,,,,,
Skillet,,,,,
Santa Fe Klan,,,,,
PNL,,,,,
Sam Hunt,,,,,
Gera MX,,,,,
Gerardo Ortiz,,,,,
C. Tangana,,,,,
Mau y Ricky,,,,,
Carly Rae Jepsen,,,,,
Weezer,,,,,
Lil Jon,,,,,
The Doors,,,,,
Swedish House Mafia,,,,,
Joey Bada$$,,,,,
Shaggy,,,,,
Pusha T,,,,,
Boyce Avenue,,,,,
Tim McGraw,,,,,
MARINA,,,,,
Eric Church,,,,,
Marco Antonio Solis,,,,,
Ludovico Einaudi,,,,,
bbno$,,,,,
Skepta,,,,,
Rod Stewart,,,,,
alt-J,,,,,
The Black Keys,,,,,
NewJeans,,,,,
Aitana,,,,,
Ice Cube,,,,,
Rudimental,,,,,
DJ Nelson,,,,,
Noah Cyrus,,,,,
Birdy,,,,,
Mike Posner,,,,,
Papa Roach,,,,,
Deftones,,,,,
Dermot Kennedy,,,,,
Gente De Zona,,,,,
"Earth, Wind & Fire",,,,,
El Fantasma,,,,,
Limp Bizkit,,,,,
MC Ryan SP,,,,,
R.E.M.,,,,,
Joyner Lucas,,,,,
Ana Castela,,,,,
Joel Corry,,,,,
Los Tigres Del Norte,,,,,
Oliver Tree,,,,,
Rise Against,,,,,
Juan Luis Guerra 4.40,,,,,
The Beach Boys,,,,,
George Michael,,,,,
Kenny Chesney,,,,,
Busta Rhymes,,,,,
Carlos Rivera,,,,,
Jorja Smith,,,,,
Alex Rose,,,,,
SAINt JHN,,,,,
Topic,,,,,
Jeezy,,,,,
Destiny's Child,,,,,
GIMS,,,,,
Norah Jones,,,,,
Sido,,,,,
Grupo Marca Registrada,,,,,
Jose Jose,,,,,
Eric Clapton,,,,,
Carrie Underwood,,,,,
Milky Chance,,,,,
The Vamps,,,,,
EXO,,,,,
LUDMILLA,,,,,
girl in red,,,,,
Why Don't We,,,,,
TOTO,,,,,
Sidhu Moose Wala,,,,,
Yo Gotti,,,,,
Sleepy Hallow,,,,,
Phoebe Bridgers,,,,,
Os Baroes Da Pisadinha,,,,,
BROCKHAMPTON,,,,,
Simon & Garfunkel,,,,,
The Cranberries,,,,,
Gue,,,,,
Christina Perri,,,,,
Natalia Lafourcade,,,,,
Bea Miller,,,,,
Keith Urban,,,,,
Niska,,,,,
Ha*Ash,,,,,
Black Sabbath,,,,,
JP Cooper,,,,,
Bradley Cooper,,,,,
Leslie Odom Jr.,,,,,
WILLOW,,,,,
Julieta Venegas,,,,,
Amine,,,,,
Hillsong UNITED,,,,,
MNEK,,,,,
Missy Elliott,,,,,
Gryffin,,,,,
Samra,,,,,
Mabel,,,,,
Matue,,,,,
Lynyrd Skynyrd,,,,,
Robbie Williams,,,,,
Adam Levine,,,,,
Breaking Benjamin,,,,,
Van Morrison,,,,,
Juhn,,,,,
DNCE,,,,,
Lord Huron,,,,,
Julion alvarez y su Norteño Banda,,,,,
Booba,,,,,
Cali Y El Dandee,,,,,
Ruth B.,,,,,
Saweetie,,,,,
Liam Payne,,,,,
Normani,,,,,
Los Temerarios,,,,,
Dimitri Vegas & Like Mike,,,,,
Van Halen,,,,,
Jon Bellion,,,,,
beabadoobee,,,,,
Apache 207,,,,,
Luisa Sonza,,,,,
Melendi,,,,,
Olivia O'Brien,,,,,
Volbeat,,,,,
Denzel Curry,,,,,
Kodaline,,,,,
Aya Nakamura,,,,,
Tyler Childers,,,,,
King Von,,,,,
Bruno & Marrone,,,,,
Zoe,,,,,
Jimi Hendrix,,,,,
Rema,,,,,
Olly Alexander (Years & Years),,,,,
George Strait,,,,,
Jowell & Randy,,,,,
YOASOBI,,,,,
Dominic Fike,,,,,
Los Tucanes De Tijuana,,,,,
Sabaton,,,,,
Red Velvet,,,,,
Dilsinho,,,,,
Evanescence,,,,,
Mc Don Juan,,,,,
Matoma,,,,,
The White Stripes,,,,,
Jessie Reyez,,,,,
Shinedown,,,,,
Diddy,,,,,
Ms. Lauryn Hill,,,,,
Wyclef Jean,,,,,
Rage Against The Machine,,,,,
Mon Laferte,,,,,
Alka Yagnik,,,,,
Scorpions,,,,,
Dolly Parton,,,,,
Capo Plaza,,,,,
Ray Dalton,,,,,
Kim Petras,,,,,
Lazza,,,,,
Ella Mai,,,,,
Daryl Hall & John Oates,,,,,
Alan Jackson,,,,,
Young Dolph,,,,,
Morad,,,,,
David Bisbal,,,,,
KISS,,,,,
Nekfeu,,,,,
Jubin Nautiyal,,,,,
Hugo & Guilherme,,,,,
Casper Magico,,,,,
Empire of the Sun,,,,,
Leon Bridges,,,,,
All Time Low,,,,,
Aleman,,,,,
Dimelo Flow,,,,,
Charlie Brown Jr.,,,,,
Internet Money,,,,,
ODESZA,,,,,
Kontra K,,,,,
Amitabh Bhattacharya,,,,,
Banda El Recodo,,,,,
The Fray,,,,,
Shania Twain,,,,,
D-Block Europe,,,,,
Key Glock,,,,,
Keane,,,,,
Jay Rock,,,,,
Danna Paola,,,,,
Elevation Worship,,,,,
Skylar Grey,,,,,
Andy Grammer,,,,,
Sublime,,,,,
Prince,,,,,
Ozzy Osbourne,,,,,
Jay Chou,,,,,
The Smashing Pumpkins,,,,,
MF DOOM,,,,,
Jaden,,,,,
Stromae,,,,,
Marracash,,,,,
Sum 41,,,,,
Enya,,,,,
Grey,,,,,
(G)I-DLE,,,,,
Kacey Musgraves,,,,,
TV Girl,,,,,
Rag'n'Bone Man,,,,,
Dean Martin,,,,,
A Day To Remember,,,,,
Latto,,,,,
Jasmine Thompson,,,,,
The xx,,,,,
Hollywood Undead,,,,,
KK,,,,,
KEVIN ROLDAN,,,,,
SCH,,,,,
Ezhel,,,,,
Jon Pardi,,,,,
Ella Henderson,,,,,
NIKI,,,,,
Aretha Franklin,,,,,
Almighty,,,,,
Wham!,,,,,
Ciara,,,,,
Zendaya,,,,,
Quinn XCII,,,,,
Powfu,,,,,
Electric Light Orchestra,,,,,
La Adictiva,,,,,
JVKE,,,,,
Tinashe,,,,,
LIT killah,,,,,
ENHYPEN,,,,,
DMX,,,,,
Gabito Ballesteros,,,,,
BONES,,,,,
Sting,,,,,
Nat King Cole,,,,,
Pedro Capo,,,,,
Bill Withers,,,,,
Tears For Fears,,,,,
Cavetown,,,,,
Neha Kakkar,,,,,
Salmo,,,,,
Trueno,,,,,
KYLE,,,,,
La Oreja de Van Gogh,,,,,
Goodboys,,,,,
Los Bukis,,,,,
Elley Duhe,,,,,
Rich Brian,,,,,
Timmy Trumpet,,,,,
Of Monsters and Men,,,,,
Ali Gatie,,,,,
3 Doors Down,,,,,
Method Man,,,,,
Kelsea Ballerini,,,,,
Willie Nelson,,,,,
Jimin,,,,,
keshi,,,,,
PNAU,,,,,
Miranda Lambert,,,,,
Mike WiLL Made-It,,,,,
R. Kelly,,,,,
Marilyn Manson,,,,,
Hardwell,,,,,
Gustavo Mioto,,,,,
PinkPantheress,,,,,
YUNGBLUD,,,,,
Ryan Castro,,,,,
Blueface,,,,,
Ghost,,,,,
Vishal-Shekhar,,,,,
Dadju,,,,,
CRO,,,,,
Yung Gravy,,,,,
Udit Narayan,,,,,
Rascal Flatts,,,,,
WALK THE MOON,,,,,
Colbie Caillat,,,,,
Fergie,,,,,
Don Diablo,,,,,
Sleeping At Last,,,,,
John Newman,,,,,
Mary J. Blige,,,,,
Brray,,,,,
MC Kevin o Chris,,,,,
Desiigner,,,,,
Israel & Rodolffo,,,,,
Bethel Music,,,,,
M83,,,,,
Naps,,,,,
Astrid S,,,,,
Gabry Ponte,,,,,
Nick Jonas,,,,,
Motley Crue,,,,,
Mother Mother,,,,,
Badshah,,,,,
Ashanti,,,,,
The Goo Goo Dolls,,,,,
The Clash,,,,,
Tee Grizzley,,,,,
Travis Barker,,,,,
Martin Jensen,,,,,
Oh Wonder,,,,,
Kylie Minogue,,,,,
Annie Lennox,,,,,
Alice In Chains,,,,,
Ghostemane,,,,,
MC Kevinho,,,,,
Yuridia,,,,,
Ferrugem,,,,,
Intocable,,,,,
Summer Cem,,,,,
Rafa Pabon,,,,,
Willy William,,,,,
Axwell /\ Ingrosso,,,,,
IU,,,,,
Cris Mj,,,,,
Louis Tomlinson,,,,,
Beret,,,,,
Stefflon Don,,,,,
Two Door Cinema Club,,,,,
ANAVIToRIA,,,,,
John Lennon,,,,,
Lofi Fruits Music,,,,,
Chelsea Cutler,,,,,
Two Feet,,,,,
Regard,,,,,
Queens of the Stone Age,,,,,
Westlife,,,,,
Tech N9ne,,,,,
Sin Bandera,,,,,
Los Dos Carnales,,,,,
Gazo,,,,,
MAX,,,,,
Guilherme & Benuto,,,,,
Zac Efron,,,,,
Lee Brice,,,,,
Taio Cruz,,,,,
Dido,,,,,
Sade,,,,,
Vintage Culture,,,,,
Dierks Bentley,,,,,
Loud Luxury,,,,,
Young Miko,,,,,
Silk Sonic,,,,,
Santana,,,,,
PLK,,,,,
Carla Morrison,,,,,
gnash,,,,,
Sean Kingston,,,,,
Ella Fitzgerald,,,,,
a-ha,,,,,
Nimo,,,,,
Pepe Aguilar,,,,,
Conor Maynard,,,,,
Geolier,,,,,
thasup,,,,,
Gemitaiz,,,,,
Louis Armstrong,,,,,
Chayanne,,,,,
E-40,,,,,
James Blake,,,,,
Thirty Seconds To Mars,,,,,
Tulus,,,,,
Kollegah,,,,,
Bing Crosby,,,,,
Calle 13,,,,,
Oliver Heldens,,,,,
Owl City,,,,,
Jon Z,,,,,
Miky Woodz,,,,,
Nacho,,,,,
Sid Sriram,,,,,
AURORA,,,,,
The Pussycat Dolls,,,,,
Ja Rule,,,,,
Sufjan Stevens,,,,,
Otis Redding,,,,,
G Herbo,,,,,
Roxette,,,,,
Hugh Jackman,,,,,
A7S,,,,,
Tina Turner,,,,,
Thiaguinho,,,,,
Sofia Reyes,,,,,
AJ Tracey,,,,,
MC Hariel,,,,,
Emilia,,,,,
Vince Staples,,,,,
Canserbero,,,,,
The Kooks,,,,,
Portugal. The Man,,,,,
Lady A,,,,,
Jaymes Young,,,,,
Gigi D'Agostino,,,,,
L7NNON,,,,,
Lily Allen,,,,,
Old Dominion,,,,,
Mari Fernandez,,,,,
Ke Personajes,,,,,
Beach House,,,,,
Los Enanitos Verdes,,,,,
Sasha Alex Sloan,,,,,
UZI,,,,,
Ben Howard,,,,,
Tanishk Bagchi,,,,,
Darshan Raval,,,,,
Soolking,,,,,
Aloe Blacc,,,,,
Arizona Zervas,,,,,
J Alvarez,,,,,
ITZY,,,,,
Thalia,,,,,
Diego & Victor Hugo,,,,,
VIZE,,,,,
Kevin Kaarl,,,,,
NCT 127,,,,,
Falling In Reverse,,,,,
OFFICIAL HIGE DANDISM,,,,,
Nile Rodgers,,,,,
Jesus Adrian Romero,,,,,
BoyWithUke,,,,,
Incubus,,,,,
d4vd,,,,,
Boney M.,,,,,
Hungria,,,,,
Rvssian,,,,,
White Noise Baby Sleep,,,,,
The Who,,,,,
Tori Kelly,,,,,
Rich Homie Quan,,,,,
Paul Simon,,,,,
Snow Patrol,,,,,
Gustavo Cerati,,,,,
Kungs,,,,,
DENNIS,,,,,
Lionel Richie,,,,,
Tom Petty,,,,,
Cody Johnson,,,,,
Pierce The Veil,,,,,
The Jackson 5,,,,,
Guaynaa,,,,,
Gloria Trevi,,,,,
Grupo Menos e Mais,,,,,
Moby,,,,,
Maes,,,,,
Nipsey Hussle,,,,,
Greeicy,,,,,
Surfaces,,,,,
Yusuf / Cat Stevens,,,,,
Ofenbach,,,,,
Bomba Estereo,,,,,
Trevor Daniel,,,,,
Tedua,,,,,
Wallows,,,,,
NCT DREAM,,,,,
Hippie Sabotage,,,,,
Vampire Weekend,,,,,
Seether,,,,,
Shiva,,,,,
Kelly Rowland,,,,,
Olly Murs,,,,,
Camila,,,,,
Cyndi Lauper,,,,,
Selena,,,,,
fun.,,,,,
Sandro Cavazza,,,,,
Bronco,,,,,
MAGIC!,,,,,
Dread Mar I,,,,,
Bunbury,,,,,
Freddie Dredd,,,,,
Ice Spice,,,,,
Tracy Chapman,,,,,
V,,,,,
Filipe Ret,,,,,
Gesaffelstein,,,,,
deadmau5,,,,,
$NOT,,,,,
OMI,,,,,
TLC,,,,,
James TW,,,,,
Hombres G,,,,,
Sachin-Jigar,,,,,
KALEO,,,,,
Cristian Castro,,,,,
Jelly Roll,,,,,
Beastie Boys,,,,,
Stephen Sanchez,,,,,
Andres Calamaro,,,,,
Lenny Kravitz,,,,,
Leona Lewis,,,,,
Mike Perry,,,,,
Mainstreet,,,,,
Sara Bareilles,,,,,
Simple Plan,,,,,
Pixies,,,,,
Yxng Bane,,,,,
*NSYNC,,,,,
Nina Simone,,,,,
Laura Pausini,,,,,
Fivio Foreign,,,,,
Dynoro,,,,,
Blur,,,,,
KAYTRANADA,,,,,
The Score,,,,,
Kina,,,,,
Sorriso Maroto,,,,,
RuFuS DU SOL,,,,,
Jordan Davis,,,,,
Sezen Aksu,,,,,
ZZ Top,,,,,
Lalo Ebratt,,,,,
The National,,,,,
Chris Young,,,,,
Arcane,,,,,
Pink Sweat$,,,,,
Bo Burnham,,,,,
Fabolous,,,,,
Tom Walker,,,,,
Milo j,,,,,
Tion Wayne,,,,,
Cuco,,,,,
Sonu Nigam,,,,,
Max Richter,,,,,
Brooks & Dunn,,,,,
Evaluna Montaner,,,,,
Lykke Li,,,,,
Bullet For My Valentine,,,,,
MKTO,,,,,
MC Cabelinho,,,,,
ONE OK ROCK,,,,,
Blessd,,,,,
Boef,,,,,
Toby Keith,,,,,
Lauren Daigle,,,,,
42 Dugg,,,,,
Andrea Bocelli,,,,,
Lil Tracy,,,,,
Karan Aujla,,,,,
Joao Gomes,,,,,
Ronnie Flex,,,,,
YSY A,,,,,
Cafe Tacvba,,,,,
Eros Ramazzotti,,,,,
Tinie Tempah,,,,,
T3R Elemento,,,,,
Jacquees,,,,,
Rkomi,,,,,
Purple Disco Machine,,,,,
Ben&Ben,,,,,
Tems,,,,,
Dove Cameron,,,,,
Ella Eyre,,,,,
C.R.O,,,,,
Ze Felipe,,,,,
Yuvan Shankar Raja,,,,,
Gym Class Heroes,,,,,
Banda Los Recoditos,,,,,
Megadeth,,,,,
Dennis Lloyd,,,,,
Pabllo Vittar,,,,,
Arcade Fire,,,,,
Simone Sommerland,,,,,
Djadja & Dinaz,,,,,
Karsten Gluck,,,,,
Tego Calderon,,,,,
Dardan,,,,,
Angus & Julia Stone,,,,,
Joaquin Sabina,,,,,
Cher,,,,,
CKay,,,,,
Vishal Dadlani,,,,,
Die Kita-Frosche,,,,,
Lupe Fiasco,,,,,
Lennon Stella,,,,,
BoRNS,,,,,
Audioslave,,,,,
Digital Farm Animals,,,,,
John Denver,,,,,
KSHMR,,,,,
Marca MP,,,,,
Taco Hemingway,,,,,
Billy Ray Cyrus,,,,,
Martin Solveig,,,,,
Turma do Pagode,,,,,
Quality Control,,,,,
Lary Over,,,,,
Beele,,,,,
AP Dhillon,,,,,
Micro TDH,,,,,
Janelle Monae,,,,,
Foreigner,,,,,
Ashnikko,,,,,
Brett Young,,,,,
Majid Jordan,,,,,
Young Nudy,,,,,
Spice Girls,,,,,
KSI,,,,,
Mr. Probz,,,,,
ATEEZ,,,,,
Kidd Keo,,,,,
Emeli Sande,,,,,
Daveed Diggs,,,,,
Kate Bush,,,,,
UB40,,,,,
Talking Heads,,,,,
CHVRCHES,,,,,
Olexesh,,,,,
Tarcisio do Acordeon,,,,,
Kiiara,,,,,
Manu Chao,,,,,
Aitch,,,,,
Lil Dicky,,,,,
M.I.A.,,,,,
Natiruts,,,,,
Bausa,,,,,
Lenin Ramirez,,,,,
White 2115,,,,,
City Girls,,,,,
The Greatest Showman Ensemble,,,,,
Jenni Rivera,,,,,
Will Smith,,,,,
RADWIMPS,,,,,
Grimes,,,,,
Frenna,,,,,
Fred again..,,,,,
LISA,,,,,
Tungevaag,,,,,
Counting Crows,,,,,
Wu-Tang Clan,,,,,
Pouya,,,,,
Rio Roma,,,,,
Alvaro Soler,,,,,
Sage The Gemini,,,,,
Diljit Dosanjh,,,,,
Sunidhi Chauhan,,,,,
Mrs. GREEN APPLE,,,,,
Night Lovell,,,,,
Raekwon,,,,,
Lil Kleine,,,,,
MadeinTYO,,,,,
Ultimo,,,,,
Icona Pop,,,,,
Kenshi Yonezu,,,,,
Orochi,,,,,
Franco De Vita,,,,,
Leo Santana,,,,,
Armaan Malik,,,,,
Pantera,,,,,
Rusherking,,,,,
Blondie,,,,,
TOOL,,,,,
Robin Thicke,,,,,
Melim,,,,,
KC Rebell,,,,,
Dance Fruits Music,,,,,
Earl Sweatshirt,,,,,
Mohit Chauhan,,,,,
Shiloh Dynasty,,,,,
Jamie Foxx,,,,,
Upchurch,,,,,
Yellow Claw,,,,,
PEDRO SAMPAIO,,,,,
Fat Joe,,,,,
Estopa,,,,,
Gotye,,,,,
Cordae,,,,,
HARDY,,,,,
Ricardo Montaner,,,,,
Dreamville,,,,,
Orelsan,,,,,
Ramin Djawadi,,,,,
Shankar Mahadevan,,,,,
Nanpa Basico,,,,,
Xand Aviao,,,,,
Blxst,,,,,
Thundercat,,,,,
SYML,,,,,
Koba LaD,,,,,
Soulja Boy,,,,,
Tom Petty and the Heartbreakers,,,,,
Lucenzo,,,,,
Kimbra,,,,,
The Living Tombstone,,,,,
INNA,,,,,
Fonseca,,,,,
ZHU,,,,,
Cole Swindell,,,,,
Ruel,,,,,
Novo Amor,,,,,
Maite Perroni,,,,,
Simone & Simaria,,,,,
WOS,,,,,
Agust D,,,,,
Descemer Bueno,,,,,
Moira Dela Torre,,,,,
Marc E. Bassy,,,,,
Brad Paisley,,,,,
Selena Gomez & The Scene,,,,,
Matisse,,,,,
Shubh,,,,,
Nikhita Gandhi,,,,,
Coi Leray,,,,,
GoldLink,,,,,
Cash Cash,,,,,
Kordhell,,,,,
FINNEAS,,,,,
Brantley Gilbert,,,,,
Johann Sebastian Bach,,,,,
Dustin Lynch,,,,,
Ed Maverick,,,,,
Eurythmics,,,,,
Shoreline Mafia,,,,,
Caifanes,,,,,
Chris Jedi,,,,,
Lomepal,,,,,
Rocio Durcal,,,,,
HAIM,,,,,
INXS,,,,,
Maxwell,,,,,
Waka Flocka Flame,,,,,
Alanis Morissette,,,,,
Chicago,,,,,
Alina Baraz,,,,,
John Martin,,,,,
Yo Yo Honey Singh,,,,,
Angele,,,,,
I Prevail,,,,,
Snakehips,,,,,
The Temptations,,,,,
LE SSERAFIM,,,,,
Mc Livinho,,,,,
Kaskade,,,,,
Masego,,,,,
Kidz Bop Kids,,,,,
aespa,,,,,
Ratatat,,,,,
Frederic Chopin,,,,,
Kris Kross Amsterdam,,,,,
Eden Muñoz,,,,,
Ovy On The Drums,,,,,
Ñejo,,,,,
Jarabe De Palo,,,,,
Def Leppard,,,,,
Sam Cooke,,,,,
J Hus,,,,,
La Santa Grifa,,,,,
LMFAO,,,,,
James Taylor,,,,,
El Komander,,,,,
Gavin James,,,,,
The All-American Rejects,,,,,
Riton,,,,,
Godsmack,,,,,
Valentin Elizalde,,,,,
AlunaGeorge,,,,,
LP,,,,,
Duelo,,,,,
Beck,,,,,
Bruno Martini,,,,,
Ana Gabriel,,,,,
Lindsey Stirling,,,,,
grandson,,,,,
JP Saxe,,,,,
B Praak,,,,,
"Tito ""El Bambino""",,,,,
RIN,,,,,
Kid Rock,,,,,
Polima Westcoast,,,,,
FMK,,,,,
LSD,,,,,
Anthony Ramos,,,,,
Darius Rucker,,,,,
Miguel Bose,,,,,
Brando,,,,,
A Tribe Called Quest,,,,,
Coez,,,,,
Duran Duran,,,,,
Jack u,,,,,
Khruangbin,,,,,
Xama,,,,,
Kany Garcia,,,,,
88rising,,,,,
Grupo Bryndis,,,,,
Carpenters,,,,,
Virlan Garcia,,,,,
Duke Dumont,,,,,
Oscar Maydon,,,,,
Pailita,,,,,
Billy Currington,,,,,
Eyedress,,,,,
Soundgarden,,,,,
Kenia OS,,,,,
Supertramp,,,,,
Maggie Lindemann,,,,,
Cypress Hill,,,,,
j-hope,,,,,
Paloma Faith,,,,,
Bas,,,,,
YBN Nahmir,,,,,
Juanka,,,,,
Asees Kaur,,,,,
Okieriete Onaodowan,,,,,
Patrick Watson,,,,,
Bedoes 2115,,,,,
Manuel Medrano,,,,,
Deorro,,,,,
Air Supply,,,,,
Jaani,,,,,
Young the Giant,,,,,
Tayc,,,,,
Waylon Jennings,,,,,
Veigh,,,,,
Jake Owen,,,,,
Neil Diamond,,,,,
London Symphony Orchestra,,,,,
RM,,,,,
No Doubt,,,,,
Davido,,,,,
Bryce Vine,,,,,
Felipe Amorim,,,,,
Omar Varela,,,,,
Emmanuel,,,,,
Tony Dize,,,,,
Headie One,,,,,
Tom Misch,,,,,
Craig David,,,,,
Julio Iglesias,,,,,
Kenny Rogers,,,,,
BIA,,,,,
Jimmy Eat World,,,,,
August Alsina,,,,,
MIKA,,,,,
Shilpa Rao,,,,,
DRAM,,,,,
Azet,,,,,
Los Fabulosos Cadillacs,,,,,
Alle Farben,,,,,
Coolio,,,,,
IVE,,,,,
Takeoff,,,,,
NOTD,,,,,
Matchbox Twenty,,,,,
Los Legendarios,,,,,
070 Shake,,,,,
BENEE,,,,,
Genesis,,,,,
Mc Kevin,,,,,
Jamiroquai,,,,,
Cardenales De Nuevo Leon,,,,,
Damian Marley,,,,,
Ashe,,,,,
iamjakehill,,,,,
Yelawolf,,,,,
Tulsi Kumar,,,,,
Dillon Francis,,,,,
Rvfv,,,,,
Roberto Carlos,,,,,
Showtek,,,,,
Tiakola,,,,,
Chalino Sanchez,,,,,
HONNE,,,,,
Petit Biscuit,,,,,
Billy Idol,,,,,
Elderbrook,,,,,
Los Autenticos Decadentes,,,,,
Vishal Mishra,,,,,
Kumaar,,,,,
Pablo Chill-E,,,,,
Belinda,,,,,
Tom Grennan,,,,,
Bad Gyal,,,,,
Leon Larregui,,,,,
Survivor,,,,,
Kenny Loggins,,,,,
BLANCO,,,,,
Smokepurpp,,,,,
Yo-Yo Ma,,,,,
London Grammar,,,,,
The Head And The Heart,,,,,
The Doobie Brothers,,,,,
GROUPLOVE,,,,,
Lacrim,,,,,
Pooh Shiesty,,,,,
Ariel Camacho y Los Plebes Del Rancho,,,,,
Chris Tomlin,,,,,
Sky Rompiendo,,,,,
Isaiah Rashad,,,,,
Brett Eldredge,,,,,
AnnenMayKantereit,,,,,
Ivan Cornejo,,,,,
KayBlack,,,,,
Masked Wolf,,,,,
Deep Purple,,,,,
Stone Temple Pilots,,,,,
Los Plebes del Rancho de Ariel Camacho,,,,,
American Authors,,,,,
Boyz II Men,,,,,
The Kinks,,,,,
Keala Settle,,,,,
Omar Montes,,,,,
Ghostface Killah,,,,,
BIGBANG,,,,,
Mike Bahia,,,,,
angela Aguilar,,,,,
Russ Millions,,,,,
MK,,,,,
Fuse ODG,,,,,
The Drifters,,,,,
Babasonicos,,,,,
Antonio Aguilar,,,,,
Charles Ans,,,,,
Steely Dan,,,,,
Ana Mena,,,,,
Los Invasores De Nuevo Leon,,,,,
Mago de Oz,,,,,
Farid Bang,,,,,
The Chicks,,,,,
William Singe,,,,,
Josh A,,,,,
Heuss L'enfoire,,,,,
Bushido,,,,,
Legiao Urbana,,,,,
Phillipa Soo,,,,,
Franz Ferdinand,,,,,
Hamza,,,,,
Willie Colon,,,,,
The Wombats,,,,,
Antonio Carlos Jobim,,,,,
Jack & Jack,,,,,
Conjunto Primavera,,,,,
Edwin Luna y La Trakalosa de Monterrey,,,,,
Crookers,,,,,
The-Dream,,,,,
MERO,,,,,
Ray Charles,,,,,
Asking Alexandria,,,,,
FISHER,,,,,
Mr Eazi,,,,,
Creed,,,,,
Far East Movement,,,,,
Foals,,,,,
Kunaal Vermaa,,,,,
Cults,,,,,
Disciples,,,,,
Death Cab for Cutie,,,,,
Stone Sour,,,,,
Anahi,,,,,
Fabri Fibra,,,,,
Mario,,,,,
Sofia Carson,,,,,
Popcaan,,,,,
Erykah Badu,,,,,
Rainbow Kitten Surprise,,,,,
Alejandra Guzman,,,,,
Snow,,,,,
Dallass,,,,,
Fitz and The Tantrums,,,,,
Phoenix,,,,,
Jay Sean,,,,,
Sheck Wes,,,,,
Smash Mouth,,,,,
Veronica Maggio,,,,,
FKJ,,,,,
Alligatoah,,,,,
Sheff G,,,,,
Maggie Rogers,,,,,
Rahat Fateh Ali Khan,,,,,
Simply Red,,,,,
Nicky Romero,,,,,
Yiruma,,,,,
Smino,,,,,
Dulce Maria,,,,,
Keri Hilson,,,,,
Capital Cities,,,,,
Miranda!,,,,,
Ze Vaqueiro,,,,,
AWOLNATION,,,,,
Still Woozy,,,,,
Ghali,,,,,
George Harrison,,,,,
Leonard Cohen,,,,,
L-Gante,,,,,
RBD,,,,,
Murilo Huff,,,,,
Andy Williams,,,,,
Etta James,,,,,
Zacari,,,,,
Dave Matthews Band,,,,,
Good Charlotte,,,,,
Nico & Vinz,,,,,
shy martin,,,,,
Jose Gonzalez,,,,,
Sachet Tandon,,,,,
Mc IG,,,,,
Josylvio,,,,,
Mata,,,,,
Abel Pintos,,,,,
No Te Va Gustar,,,,,
Bacilos,,,,,
C-Kan,,,,,
Chuck Berry,,,,,
BlocBoy JB,,,,,
back number,,,,,
Christopher Jackson,,,,,
John Coltrane,,,,,
Grateful Dead,,,,,
Madlib,,,,,
mike.,,,,,
Roy Woods,,,,,
Keyshia Cole,,,,,
Conrad Sewell,,,,,
N.W.A.,,,,,
K-391,,,,,
Paolo Nutini,,,,,
Ernia,,,,,
Ado,,,,,
Bonnie Tyler,,,,,
Bonobo,,,,,
David Kushner,,,,,
King,,,,,
Jimmy Buffett,,,,,
Neeti Mohan,,,,,
Pet Shop Boys,,,,,
Lauana Prado,,,,,
Ramones,,,,,
Au/Ra,,,,,
Alonzo,,,,,
Hayley Williams,,,,,
SLANDER,,,,,
Gloria Groove,,,,,
The Verve,,,,,
A R I Z O N A,,,,,
Wolfgang Amadeus Mozart,,,,,
Murda,,,,,
NATTAN,,,,,
New Order,,,,,
Adriel Favela,,,,,
Amenazzy,,,,,
Janet Jackson,,,,,
Natasha Bedingfield,,,,,
Heart,,,,,
Jungle,,,,,
Los Cadetes De Linares,,,,,
Tiziano Ferro,,,,,
America,,,,,
Olivia Newton-John,,,,,
King Gnu,,,,,
Felipe Araujo,,,,,
Judas Priest,,,,,
Mobb Deep,,,,,
Christopher von Uckermann,,,,,
Mc Paiva ZS,,,,,
MONSTA X,,,,,
LiSA,,,,,
Sticky Fingers,,,,,
Mc Davi,,,,,
SDP,,,,,
Lil Xan,,,,,
Christian Chavez,,,,,
Iron & Wine,,,,,
James Brown,,,,,
Pinguini Tattici Nucleari,,,,,
Nine Inch Nails,,,,,
Lola Indigo,,,,,
Boston,,,,,
Simple Minds,,,,,
Caetano Veloso,,,,,
Teto,,,,,
James Hype,,,,,
Nothing But Thieves,,,,,
W&W,,,,,
Steve Miller Band,,,,,
Gavin DeGraw,,,,,
Rush,,,,,
Famous Dex,,,,,
Elefante,,,,,
Pamungkas,,,,,
Vald,,,,,
Laufey,,,,,
Duncan Laurence,,,,,
LEA,,,,,
The Walters,,,,,
La K'onga,,,,,
Chet Faker,,,,,
EDEN,,,,,
LUM!X,,,,,
Jawsh 685,,,,,
Snow,,,,,
Bob Seger,,,,,
A Great Big World,,,,,
Eve,,,,,
Nightwish,,,,,
JACKBOYS,,,,,
Luche,,,,,
Emis Killa,,,,,
Ricky Montgomery,,,,,
The Wanted,,,,,
Chinmayi,,,,,
Fugees,,,,,
Neon Trees,,,,,
LUCKI,,,,,
Theory of a Deadman,,,,,
DeJ Loaf,,,,,
Dimitri Vegas,,,,,
The Prodigy,,,,,
Aimyon,,,,,
TAEYEON,,,,,
Heroes Del Silencio,,,,,
Vaundy,,,,,
Zack Tabudlo,,,,,
TheFatRat,,,,,
Sleeping With Sirens,,,,,
Modest Mouse,,,,,
MAMAMOO,,,,,
Fleet Foxes,,,,,
Baby Rasta,,,,,
Seafret,,,,,
Freddie Gibbs,,,,,
Jamule,,,,,
Standly,,,,,
Catfish and the Bottlemen,,,,,
Fujii Kaze,,,,,
CORPSE,,,,,
ROZES,,,,,
Chino Pacas,,,,,
mxmtoon,,,,,
MC Davo,,,,,
Fedez,,,,,
James Morrison,,,,,
Semicenk,,,,,
Dirty Heads,,,,,
Alexis y Fido,,,,,
In Flames,,,,,
Diana Ross,,,,,
The Piano Guys,,,,,
Kool & The Gang,,,,,
TIAGO IORC,,,,,
Pesado,,,,,
Lucas & Steve,,,,,
Lauren Alaina,,,,,
Djonga,,,,,
Mikky Ekko,,,,,
The Paper Kites,,,,,
Abraham Mateo,,,,,
Comethazine,,,,,
Paulina Rubio,,,,,
Brendon Urie,,,,,
Bruno Major,,,,,
K CAMP,,,,,
Chino & Nacho,,,,,
Lecrae,,,,,
Baco Exu do Blues,,,,,
Brenda Lee,,,,,
Billy Talent,,,,,
Axwell,,,,,
GAYLE,,,,,
Omar Apollo,,,,,
Lijpe,,,,,
PXNDX,,,,,
Twista,,,,,
Retrib,,,,,
Tammi Terrell,,,,,
Scooter,,,,,
Placebo,,,,,
Bipolar Sunshine,,,,,
Al Green,,,,,
Cascada,,,,,
Sofi Tukker,,,,,
Gracie Abrams,,,,,
Daughtry,,,,,
Projota,,,,,
Harris Jayaraj,,,,,
Beach Bunny,,,,,
NEEDTOBREATHE,,,,,
Thousand Foot Krutch,,,,,
Los Inquietos Del Norte,,,,,
Andy Rivera,,,,,
Leto,,,,,
Little Big Town,,,,,
Fernando & Sorocaba,,,,,
Motorhead,,,,,
Mariah Angeliq,,,,,
Money Man,,,,,
Pericles,,,,,
Royal Blood,,,,,
FLETCHER,,,,,
Kansas,,,,,
Vacations,,,,,
Killer Mike,,,,,
BANNERS,,,,,
Hopsin,,,,,
Vicetone,,,,,
Project Pat,,,,,
Wall Hein,,,,,
Elle King,,,,,
Hoobastank,,,,,
Silvestre Dangond,,,,,
Social House,,,,,
Tony Bennett,,,,,
Molotov,,,,,
Surf Curse,,,,,
Lifehouse,,,,,
Rich Music LTD,,,,,
Mura Masa,,,,,
Lloyd,,,,,
Yann Tiersen,,,,,
EARTHGANG,,,,,
R. City,,,,,
MadMan,,,,,
Slim Jxmmi,,,,,
Plain White T's,,,,,
Russell Dickerson,,,,,
Racionais MC's,,,,,
JJ Lin,,,,,
1nonly,,,,,
Rachel Platten,,,,,
Whethan,,,,,
Run–D.M.C.,,,,,
Pinkfong,,,,,
Gabriela Rocha,,,,,
CAPO,,,,,
Lil' Kim,,,,,
Gregory Alan Isakov,,,,,
ItaloBrothers,,,,,
Grupo Niche,,,,,
Dan Caplen,,,,,
The Marias,,,,,
Hotel Ugly,,,,,
Em Beihold,,,,,
K.I.Z,,,,,
Xzibit,,,,,
Rocco Hunt,,,,,
JENNIE,,,,,
Atif Aslam,,,,,
Ray LaMontagne,,,,,
WIU,,,,,
CeeLo Green,,,,,
Bone Thugs-N-Harmony,,,,,
Hariharan,,,,,
RZA,,,,,
Jadakiss,,,,,
LX,,,,,
Lvbel C5,,,,,
Sub Urban,,,,,
Daughter,,,,,
Leo Dan,,,,,
Roy Orbison,,,,,
O Rappa,,,,,
Mithoon,,,,,
Hov1,,,,,
Bailey Zimmerman,,,,,
Gorgon City,,,,,
Eric Bellinger,,,,,
Motionless In White,,,,,
Josh Turner,,,,,
Maria Jose,,,,,
Baby Gang,,,,,
Zeeba,,,,,
Guru Randhawa,,,,,
The Mamas & The Papas,,,,,
Louis The Child,,,,,
cakal,,,,,
Interpol,,,,,
Luan Pereira,,,,,
Killswitch Engage,,,,,
Faith Evans,,,,,
Bizzey,,,,,
A$AP Mob,,,,,
Zola,,,,,
Bakermat,,,,,
NATHY PELUSO,,,,,
HRVY,,,,,
Brandy,,,,,
Jonna Fraser,,,,,
Fito Paez,,,,,
Third Eye Blind,,,,,
Rochak Kohli,,,,,
Fito y Fitipaldis,,,,,
Bob Sinclar,,,,,
Jonita Gandhi,,,,,
Shouse,,,,,
Loredana,,,,,
HUGEL,,,,,
Crystal Castles,,,,,
Quebonafide,,,,,
Sagopa Kajmer,,,,,
Kendo Kaponi,,,,,
Maverick City Music,,,,,
Massive Attack,,,,,
Sevn Alias,,,,,
Tujamo,,,,,
Panteon Rococo,,,,,
Benson Boone,,,,,
Shindy,,,,,
The Wiggles,,,,,
Slayer,,,,,
Murda Beatz,,,,,
Skank,,,,,
Bishop Briggs,,,,,
BANKS,,,,,
AK AUSSERKONTROLLE,,,,,
Aqua,,,,,
Phantogram,,,,,
Emily Warren,,,,,
Jao,,,,,
Neto Peña,,,,,
Fredo,,,,,
DVBBS,,,,,
Colby O'Donis,,,,,
Yeah Yeah Yeahs,,,,,
Benny Dayal,,,,,
Vasco Rossi,,,,,
112,,,,,
Chase Rice,,,,,
Elvis Crespo,,,,,
Ina Wroldsen,,,,,
Zeze Di Camargo & Luciano,,,,,
Mike Williams,,,,,
Darkiel,,,,,
Hillsong Young & Free,,,,,
Nando Reis,,,,,
Patricio Rey y sus Redonditos de Ricota,,,,,
Maneva,,,,,
Paloma Mami,,,,,
Montell Fish,,,,,
Kaaris,,,,,
BloodPop®,,,,,
Clinton Kane,,,,,
Boza,,,,,
Robyn,,,,,
sanah,,,,,
John Mellencamp,,,,,
Edward Sharpe & The Magnetic Zeros,,,,,
Staind,,,,,
First Aid Kit,,,,,
Cultura Profetica,,,,,
TobyMac,,,,,
Lagum,,,,,
Our Last Night,,,,,
Pancho Barraza,,,,,
Sheila On 7,,,,,
Fuego,,,,,
Di Proposito,,,,,
Men I Trust,,,,,
AOA,,,,,
Carlos Baute,,,,,
Mahalini,,,,,
Emir Can İğrek,,,,,
Matheus Fernandes,,,,,
"Hector ""El Father""",,,,,
Boosie Badazz,,,,,
DAY6,,,,,
Gipsy Kings,,,,,
Adolescent's Orquesta,,,,,
Vigiland,,,,,
Eduardo Costa,,,,,
Taiu,,,,,
Haze,,,,,
Cedric Gervais,,,,,
Ludwig van Beethoven,,,,,
Sebastian Ingrosso,,,,,
Dayglow,,,,,
Sabrina Claudio,,,,,
Anson Seabra,,,,,
Malik Montana,,,,,
Ovi,,,,,
Yng Lvcas,,,,,
Ol' Dirty Bastard,,,,,
Helene Fischer,,,,,
Hakan Hellstrom,,,,,
Kool Savas,,,,,
Tay-K,,,,,
HVME,,,,,
Xavier Wulf,,,,,
Fireboy DML,,,,,
Motive,,,,,
Men At Work,,,,,
CamelPhat,,,,,
Jorge Drexler,,,,,
Lefty Sm,,,,,
Bugzy Malone,,,,,
KitschKrieg,,,,,
Dzeko,,,,,
Eve,,,,,
Supernova Ent,,,,,
GOT7,,,,,
Sam Fender,,,,,
Lanek,,,,,
Aimer,,,,,
Vegedream,,,,,
Diana Krall,,,,,
Sofiane,,,,,
Modern Talking,,,,,
MHD,,,,,
Auli'i Cravalho,,,,,
Kasabian,,,,,
Justin Moore,,,,,
Amit Trivedi,,,,,
Omarion,,,,,
Rob Zombie,,,,,
Remmy Valenzuela,,,,,
Landon Cube,,,,,
Casting Crowns,,,,,
Neck Deep,,,,,
Einar,,,,,
Kina Grannis,,,,,
Rai Saia Rodada,,,,,
Yung Lean,,,,,
Mijares,,,,,
The Animals,,,,,
Fiersa Besari,,,,,
Tz da Coronel,,,,,
IZA,,,,,
Dakota,,,,,
Michael Kiwanuka,,,,,
Mecano,,,,,
The Alchemist,,,,,
Matt Simons,,,,,
Joe Cocker,,,,,
Shankar-Ehsaan-Loy,,,,,
Javed Ali,,,,,
Odetari,,,,,
Białas,,,,,
DELLAFUENTE,,,,,
Pashanim,,,,,
oneheart,,,,,
Joey Montana,,,,,
Gilberto Santa Rosa,,,,,
Benny Benassi,,,,,
"Hank Williams, Jr.",,,,,
S. P. Balasubrahmanyam,,,,,
Young Stoner Life,,,,,
Parson James,,,,,
Koe Wetzel,,,,,
Royal Philharmonic Orchestra,,,,,
Whitesnake,,,,,
Reykon,,,,,
Jay Park,,,,,
Gaab,,,,,
Tribo da Periferia,,,,,
Barry White,,,,,
Sam Fischer,,,,,
Broederliefde,,,,,
Saiko,,,,,
The Cars,,,,,
D12,,,,,
Flo Milli,,,,,
Joe,,,,,
Y2K,,,,,
Run The Jewels,,,,,
Kevin,,,,,
Perera DJ,,,,,
K.Flay,,,,,
Omah Lay,,,,,
Deepend,,,,,
Stevie Nicks,,,,,
Zuna,,,,,
Redman,,,,,
G. V. Prakash,,,,,
The Supremes,,,,,
Grupo Revelaçao,,,,,
SUGA,,,,,
Dropkick Murphys,,,,,
olafur Arnalds,,,,,
Father John Misty,,,,,
Siddhartha,,,,,
Pia Mia,,,,,
Ivete Sangalo,,,,,
Sampha,,,,,
Take That,,,,,
Vicentico,,,,,
Matthew Koma,,,,,
NEIKED,,,,,
Gus Dapperton,,,,,
Irama,,,,,
Rob Thomas,,,,,
Riley Green,,,,,
Billie Holiday,,,,,
Gnarls Barkley,,,,,
DannyLux,,,,,
Neo Beats,,,,,
Rosa Linn,,,,,
Mc Pedrinho,,,,,
Karthik,,,,,
Jere Klein,,,,,
La Factoria,,,,,
Lilly Wood and The Prick,,,,,
Tenacious D,,,,,
Michael Bolton,,,,,
Veysel,,,,,
Mabel Matiz,,,,,
King Princess,,,,,
Damas Gratis,,,,,
YFN Lucci,,,,,
Naughty Boy,,,,,
Regina Spektor,,,,,
The Temper Trap,,,,,
Miksu / Macloud,,,,,
Adam Lambert,,,,,
Edgardo Nuñez,,,,,
Los Acosta,,,,,
Vulgo FK,,,,,
J-AX,,,,,
Starship,,,,,
Janieck,,,,,
Iyaz,,,,,
Fernandinho,,,,,
Dubdogz,,,,,
Stephanie Beatriz,,,,,
Tash Sultana,,,,,
Snelle,,,,,
Commodores,,,,,
Too $hort,,,,,
Brothers Osborne,,,,,
Crowded House,,,,,
Preme,,,,,
The Shins,,,,,
OBOY,,,,,
Hunter Hayes,,,,,
NCT U,,,,,
Vitor Kley,,,,,
Lizzy McAlpine,,,,,
Cookin' On 3 Burners,,,,,
Kelis,,,,,
Surf Mesa,,,,,
Hannah Montana,,,,,
Marcianeke,,,,,
Indila,,,,,
Ben E. King,,,,,
Calle 24,,,,,
Beny Jr,,,,,
Halestorm,,,,,
Dhanush,,,,,
Tai Verdes,,,,,
Sam Martin,,,,,
for KING & COUNTRY,,,,,
Freeze corleone,,,,,
Mozzy,,,,,
MOTi,,,,,
Ying Yang Twins,,,,,
Kizo,,,,,
Hoodie Allen,,,,,
Passion Pit,,,,,
Miles Davis,,,,,
reezy,,,,,
Super Yei,,,,,
Stereophonics,,,,,
Mark Forster,,,,,
Nardo Wick,,,,,
El Cuarteto De Nos,,,,,
Camilo Sesto,,,,,
Hindia,,,,,
Kip Moore,,,,,
Sheryl Crow,,,,,
Yorushika,,,,,
Yuuri,,,,,
Giggs,,,,,
Rashmi Virag,,,,,
YouNotUs,,,,,
Trettmann,,,,,
Chitaozinho & Xororo,,,,,
Shy Glizzy,,,,,
Ari Lennox,,,,,
Parov Stelar,,,,,
Naza,,,,,
Nightcrawlers,,,,,
Jordin Sparks,,,,,
Atitude 67,,,,,
ATB,,,,,
Savage Garden,,,,,
Leony,,,,,
Zoe Wees,,,,,
Millonario,,,,,
Jory Boy,,,,,
Callejero Fino,,,,,
Rico Nasty,,,,,
Snoh Aalegra,,,,,
Madcon,,,,,
Ken Carson,,,,,
Luar La L,,,,,
Silvio Rodriguez,,,,,
Joy Division,,,,,
iKON,,,,,
REO Speedwagon,,,,,
WWE,,,,,
Vanesa Martin,,,,,
Bill Evans,,,,,
Ryan Riback,,,,,
Michael Giacchino,,,,,
FKA twigs,,,,,
Rick Astley,,,,,
Marcos & Belutti,,,,,
SFR,,,,,
La Quinta Estacion,,,,,
Kiana Lede,,,,,
Josman,,,,,
FIFTY FIFTY,,,,,
JoJo,,,,,
Warren G,,,,,
El Canto Del Loco,,,,,
December Avenue,,,,,
La Sonora Dinamita,,,,,
Xavi,,,,,
Corinne Bailey Rae,,,,,
Barbra Streisand,,,,,
Big Time Rush,,,,,
Tom Rosenthal,,,,,
Espinoza Paz,,,,,
Quintino,,,,,
Grupo Codiciado,,,,,
PRETTYMUCH,,,,,
Jessie Ware,,,,,
Crush,,,,,
Jovanotti,,,,,
Porter Robinson,,,,,
Gilli,,,,,
The Cardigans,,,,,
Dopebwoy,,,,,
BJ The Chicago Kid,,,,,
Donna Summer,,,,,
George Henrique & Rodrigo,,,,,
The Knocks,,,,,
Natos y Waor,,,,,
Allman Brothers Band,,,,,
Dylan Scott,,,,,
Aleks Syntek,,,,,
Mase,,,,,
Nick Cave & The Bad Seeds,,,,,
Lauren Spencer Smith,,,,,
Brandi Carlile,,,,,
Seal,,,,,
The Velvet Underground,,,,,
Europe,,,,,
Trivium,,,,,
R.K.M & Ken-Y,,,,,
Lamb of God,,,,,
Soprano,,,,,
Klingande,,,,,
Jerry Smith,,,,,
Hilltop Hoods,,,,,
Starley,,,,,
Mahmood,,,,,
Dawid Podsiadło,,,,,
Broiler,,,,,
KEVVO,,,,,
Cruz Cafune,,,,,
Lasso,,,,,
SG Lewis,,,,,
BHZ,,,,,
Nadin Amizah,,,,,
Toni Braxton,,,,,
Hikaru Utada,,,,,
Curren$y,,,,,
CADE,,,,,
Young M.A,,,,,
dvsn,,,,,
Yung Bleu,,,,,
CJ,,,,,
LeeHi,,,,,
Janis Joplin,,,,,
Echosmith,,,,,
Santhosh Narayanan,,,,,
Aaliyah,,,,,
Young Money,,,,,
Chase & Status,,,,,
High School Musical Cast,,,,,
Parkway Drive,,,,,
Nagalli,,,,,
Eason Chan,,,,,
Zaz,,,,,
Sefo,,,,,
Alabama Shakes,,,,,
Haftbefehl,,,,,
James Newton Howard,,,,,
Vanessa Carlton,,,,,
Dizzee Rascal,,,,,
Kenny G,,,,,
Saba,,,,,
Swizz Beatz,,,,,
Ingrid Michaelson,,,,,
Foxes,,,,,
ZillaKami,,,,,
Klaas,,,,,
Dusty Springfield,,,,,
K/DA,,,,,
Baby Tate,,,,,
Travie McCoy,,,,,
Brooks,,,,,
The Ronettes,,,,,
Chevelle,,,,,
Ajaxx,,,,,
Tiara Andini,,,,,
The Lonely Island,,,,,
Vitor Fernandes,,,,,
Cochise,,,,,
Witt Lowry,,,,,
SDM,,,,,
Mitchell Tenpenny,,,,,
Big One,,,,,
Rombai,,,,,
The Avett Brothers,,,,,
COIN,,,,,
El-P,,,,,
Eazy-E,,,,,
Blackstreet,,,,,
Charly Garcia,,,,,
DDG,,,,,
Sigrid,,,,,
Marisela,,,,,
kent,,,,,
Manuel Carrasco,,,,,
Dolu Kadehi Ters Tut,,,,,
Yuzyuzeyken Konuşuruz,,,,,
Solange,,,,,
Timeflies,,,,,
Jerry Rivera,,,,,
Damien Rice,,,,,
Thaman S,,,,,
Lou Reed,,,,,
Boy Wonder CF,,,,,
Grupo Arriesgado,,,,,
Juju,,,,,
Bread,,,,,
Syd,,,,,
Faith Hill,,,,,
Lucas Lucco,,,,,
ALMA,,,,,
Plies,,,,,
TREASURE,,,,,
Alan Gomez,,,,,
Parker McCollum,,,,,
Inspector,,,,,
Wolfine,,,,,
El Jordan 23,,,,,
Ennio Morricone,,,,,
Mandy Moore,,,,,
Alvaro Diaz,,,,,
Cher Lloyd,,,,,
Juelz Santana,,,,,
Bleachers,,,,,
Payal Dev,,,,,
Gazzelle,,,,,
Band of Horses,,,,,
Alex & Sierra,,,,,
Four Tops,,,,,
Common,,,,,
Massimo Pericolo,,,,,
Gibbs,,,,,
INTERWORLD,,,,,
Marco Mengoni,,,,,
Cream,,,,,
Binomio de Oro de America,,,,,
Fatboy Slim,,,,,
EST Gee,,,,,
Los Huracanes del Norte,,,,,
Ayra Starr,,,,,
Henrique & Diego,,,,,
Brian Eno,,,,,
Young Igi,,,,,
Action Bronson,,,,,
Estelle,,,,,
AYLIVA,,,,,
GASHI,,,,,
Anna Kendrick,,,,,
Ele A El Dominio,,,,,
Connor Price,,,,,
Rizky Febian,,,,,
Chris Lake,,,,,
Gurinder Gill,,,,,
Paul Kalkbrenner,,,,,
Eric Prydz,,,,,
Leiva,,,,,
VIC MENSA,,,,,
The Chemical Brothers,,,,,
Jose Feliciano,,,,,
LEGADO 7,,,,,
Luther Vandross,,,,,
Luciano Pavarotti,,,,,
Emilee,,,,,
The Civil Wars,,,,,
RANI,,,,,
LeON,,,,,
1Kilo,,,,,
Wrabel,,,,,
RK,,,,,
Saint Motel,,,,,
Emicida,,,,,
Bhavi,,,,,
Izi,,,,,
Yellowcard,,,,,
Nico Santos,,,,,
Chimbala,,,,,
Lartiste,,,,,
Madame,,,,,
Tarkan,,,,,
The Jordanaires,,,,,
Nego do Borel,,,,,
Randy,,,,,
Flipp Dinero,,,,,
Wings,,,,,
Little Dragon,,,,,
Fred De Palma,,,,,
Eric Chou,,,,,
boy pablo,,,,,
Muslum Gurses,,,,,
347aidan,,,,,
Huncho Jack,,,,,
Lucky Daye,,,,,
Yebba,,,,,
AJ Mitchell,,,,,
Djavan,,,,,
Aldo Trujillo,,,,,
MC PH,,,,,
Claptone,,,,,
Luck Ra,,,,,
Carnage,,,,,
Shekhar Ravjiani,,,,,
Jazmine Sullivan,,,,,
Maisie Peters,,,,,
Eddie Santiago,,,,,
Declan McKenna,,,,,
A Perfect Circle,,,,,
Rodney Atkins,,,,,
Don McLean,,,,,
John Travolta,,,,,
India Martinez,,,,,
Marisa Monte,,,,,
Krewella,,,,,
Mayday Parade,,,,,
VASSY,,,,,
Ace of Base,,,,,
Vitao,,,,,
Exaltasamba,,,,,
Kukon,,,,,
Pyotr Ilyich Tchaikovsky,,,,,
Jim Croce,,,,,
Mr.Kitty,,,,,
Victor Manuelle,,,,,
The Isley Brothers,,,,,
Migrantes,,,,,
ECKO,,,,,
Sigma,,,,,
Perry Como,,,,,
Jamby El Favo,,,,,
Raça Negra,,,,,
Victoria Monet,,,,,
Ximena Sariñana,,,,,
Iggy Pop,,,,,
Quando Rondo,,,,,
VINAI,,,,,
Raaban,,,,,
Matt Maeson,,,,,
Phora,,,,,
Frah Quintale,,,,,
MC WM,,,,,
Nicole Scherzinger,,,,,
Alabama,,,,,
Andrew Lloyd Webber,,,,,
Die Antwoord,,,,,
Parampara Tandon,,,,,
Achille Lauro,,,,,
Enjambre,,,,,
Cold War Kids,,,,,
Hiphop Tamizha,,,,,
Pendulum,,,,,
Arthur Nery,,,,,
Los Cafres,,,,,
Nicky Youre,,,,,
Nessa Barrett,,,,,
Jose Luis Perales,,,,,
Amaal Mallik,,,,,
Loyle Carner,,,,,
Fort Minor,,,,,
DVRST,,,,,
Pol Granch,,,,,
FiNCH,,,,,
Dax,,,,,
SiR,,,,,
Pixote,,,,,
Ulices Chaidez,,,,,
Stevie Ray Vaughan,,,,,
Frankie Ruiz,,,,,
Austin Mahone,,,,,
Lost Kings,,,,,
DJ Antoine,,,,,
ArrDee,,,,,
AronChupa,,,,,
Big Soto,,,,,
Seu Jorge,,,,,
Dewa 19,,,,,
Szpaku,,,,,
Residente,,,,,
CAKE,,,,,
Blue oyster Cult,,,,,
OHGEESY,,,,,
Tokischa,,,,,
3OH!3,,,,,
Malu,,,,,
EDX,,,,,
Eli Young Band,,,,,
Laylow,,,,,
Belly,,,,,
Tommee Profitt,,,,,
ACRAZE,,,,,
Seven Lions,,,,,
Eddie Vedder,,,,,
Sachet-Parampara,,,,,
Girls' Generation,,,,,
MC Kekel,,,,,
Tyla Yaweh,,,,,
Local Natives,,,,,
Gabrielle Aplin,,,,,
Antonio Vivaldi,,,,,
Lovejoy,,,,,
The Band,,,,,
Parokya Ni Edgar,,,,,
Ronan Keating,,,,,
LL COOL J,,,,,
Pretenders,,,,,
Chris Lane,,,,,
Mc Poze do Rodo,,,,,
Birdman,,,,,
Sheppard,,,,,
Asake,,,,,
Lele Pons,,,,,
Mahalia,,,,,
Vybz Kartel,,,,,
Misfits,,,,,
Bobby Helms,,,,,
Bhad Bhabie,,,,,
Claude Debussy,,,,,
Cherish,,,,,
Loote,,,,,
Jota Quest,,,,,
Teyana Taylor,,,,,
Walker Hayes,,,,,
Dj Guuga,,,,,
Simone Mendes,,,,,
Los Caminantes,,,,,
Konshens,,,,,
Nina Nesbitt,,,,,
Scarlxrd,,,,,
Black Veil Brides,,,,,
Żabson,,,,,
Joao Gilberto,,,,,
DIVINE,,,,,
Lulu Santos,,,,,
George Benson,,,,,
Belanova,,,,,
Cashmere Cat,,,,,
Timbiriche,,,,,
Idina Menzel,,,,,
Huey Lewis & The News,,,,,
Paky,,,,,
Trap Capos,,,,,
Digga D,,,,,
Nathan Evans,,,,,
Miriam Bryant,,,,,
Luccas Carlos,,,,,
Los Angeles De Charly,,,,,
Timal,,,,,
Dalmata,,,,,
Marama,,,,,
Andres Cepeda,,,,,
San Holo,,,,,
jxdn,,,,,
The Outfield,,,,,
Dopamine,,,,,
Against The Current,,,,,
Nitro,,,,,
Nusrat Fateh Ali Khan,,,,,
Mufasa & Hypeman,,,,,
DigDat,,,,,
Peter Gabriel,,,,,
PSY,,,,,
Belo,,,,,
Biffy Clyro,,,,,
Future Islands,,,,,
The Cinematic Orchestra,,,,,
Dhvani Bhanushali,,,,,
Oki,,,,,
Alex Ubago,,,,,
Danny Brown,,,,,
Sixpence None The Richer,,,,,
Lars Winnerback,,,,,
Los Pericos,,,,,
Meat Loaf,,,,,
La Joaqui,,,,,
Los Caligaris,,,,,
Poison,,,,,
KIDS SEE GHOSTS,,,,,
Aphex Twin,,,,,
James Vincent McMorrow,,,,,
Caloncho,,,,,
Toro y Moi,,,,,
Kenny Beats,,,,,
Paula Fernandes,,,,,
The Used,,,,,
G.E.M.,,,,,
311,,,,,
HIRAIDAI,,,,,
Steve Void,,,,,
Teoman,,,,,
Charly Black,,,,,
Cem Adrian,,,,,
Romeo Elvis,,,,,
Armandinho,,,,,
Metronomy,,,,,
Loreen,,,,,
Queen Naija,,,,,
Frankie Valli & The Four Seasons,,,,,
Not3s,,,,,
Royksopp,,,,,
Within Temptation,,,,,
M Huncho,,,,,
BM,,,,,
In This Moment,,,,,
Rondodasosa,,,,,
Diego Torres,,,,,
Ahmet Kaya,,,,,
FRENSHIP,,,,,
Paty Cantu,,,,,
Buena Vista Social Club,,,,,
El Guincho,,,,,
Don Henley,,,,,
Lil Jon & The East Side Boyz,,,,,
Frankie Valli,,,,,
Culture Club,,,,,
The Red Jumpsuit Apparatus,,,,,
El Makabelico,,,,,
SHINee,,,,,
Sarcastic Sounds,,,,,
Toosii,,,,,
We The Kings,,,,,
Mýa,,,,,
Brennan Heart,,,,,
Ben Harper,,,,,
Gloria Gaynor,,,,,
Thin Lizzy,,,,,
Bobby Shmurda,,,,,
Little Sis Nora,,,,,
MoStack,,,,,
Benjamin Ingrosso,,,,,
Alida,,,,,
Rhye,,,,,
Chaka Khan,,,,,
El Bebeto,,,,,
Michael Schulte,,,,,
GoonRock,,,,,
Jose Alfredo Jimenez,,,,,
SHAED,,,,,
Tony Aguirre,,,,,
Unknown Mortal Orchestra,,,,,
Marteria,,,,,
CORBAL,,,,,
Dhruv,,,,,
Lucy Dacus,,,,,
Engenheiros Do Hawaii,,,,,
Hurts,,,,,
SoMo,,,,,
MC Rogerinho,,,,,
Joao Bosco & Vinicius,,,,,
Jeff Buckley,,,,,
Alice Cooper,,,,,
Miel San Marcos,,,,,
Takagi & Ketra,,,,,
Jamie xx,,,,,
Bowling For Soup,,,,,
GAMPER & DADONI,,,,,
Phillip Phillips,,,,,
Bad Religion,,,,,
Monica,,,,,
Mos Def,,,,,
MC Marks,,,,,
Sarah McLachlan,,,,,
Vengaboys,,,,,
Carl Brave,,,,,
Herencia de Patrones,,,,,
Los Prisioneros,,,,,
Shirin David,,,,,
The Internet,,,,,
D'Angelo,,,,,
4 Non Blondes,,,,,
Carole King,,,,,
Bankrol Hayden,,,,,
Mark Knopfler,,,,,
Rei,,,,,
Gilberto Gil,,,,,
A-Trak,,,,,
Mc Gw,,,,,
Puddle Of Mudd,,,,,
Rixton,,,,,
Regulo Caro,,,,,
Jagged Edge,,,,,
Marcynho Sensaçao,,,,,
Fast & Furious: The Fast Saga,,,,,
Rob $tone,,,,,
Josean Log,,,,,
sped up nightcore,,,,,
Natalia Jimenez,,,,,
Duman,,,,,
BAEKHYUN,,,,,
Elisa,,,,,
Escape the Fate,,,,,
ILOVEMAKONNEN,,,,,
dazy,,,,,
Coyote Beatz,,,,,
Yot Club,,,,,
Eiffel 65,,,,,
Jet,,,,,
Kirk Franklin,,,,,
SB Maffija,,,,,
Marc Segui,,,,,
Fleurie,,,,,
Miss Li,,,,,
Sonder,,,,,
ReTo,,,,,
The Magician,,,,,
Shaan,,,,,
P.O.D.,,,,,
3robi,,,,,
Codigo FN,,,,,
"Crosby, Stills, Nash & Young",,,,,
Maty Noyes,,,,,
Gang Starr,,,,,
KVSH,,,,,
Chord Overstreet,,,,,
Bladee,,,,,
Freya Ridings,,,,,
GIULIA BE,,,,,
Alexandre Desplat,,,,,
Agnes Obel,,,,,
Jubel,,,,,
Justine Skye,,,,,
Bohse Onkelz,,,,,
Alter Bridge,,,,,
RL Grime,,,,,
Baby Bash,,,,,
Teddy Swims,,,,,
Niro,,,,,
Gojira,,,,,
Christopher,,,,,
Sukhwinder Singh,,,,,
Young T & Bugsey,,,,,
LOONA,,,,,
Renee Elise Goldsberry,,,,,
Flux Pavilion,,,,,
Charlie Wilson,,,,,
Hornet La Frappe,,,,,
Nathan Dawe,,,,,
Reynmen,,,,,
Chris Rea,,,,,
Callejeros,,,,,
Jack Stauber,,,,,
Los Bunkers,,,,,
Dvicio,,,,,
DJ BOY,,,,,
Pedro Lotto,,,,,
Gurlez Akhtar,,,,,
Matt Maltese,,,,,
Noyz Narcos,,,,,
The Pointer Sisters,,,,,
Luis Alfonso Partida El Yaki,,,,,
Hector Lavoe,,,,,
Yung Hurn,,,,,
Banda Machos,,,,,
Banda Carnaval,,,,,
Justin Hurwitz,,,,,
DEV,,,,,
The Proclaimers,,,,,
Franglish,,,,,
Bombay Bicycle Club,,,,,
Andre 3000,,,,,
Gabby Barrett,,,,,
Blood Orange,,,,,
Leslie Grace,,,,,
187 Strassenbande,,,,,
Antonio Orozco,,,,,
ARASHI,,,,,
Tierry,,,,,
Ryan Adams,,,,,
Syn Cole,,,,,
Vini Vici,,,,,
Erik Satie,,,,,
Above & Beyond,,,,,
Aaron May,,,,,
NGHTMRE,,,,,
MC G15,,,,,
RY X,,,,,
Sueco,,,,,
New West,,,,,
MercyMe,,,,,
Bigflo & Oli,,,,,
PRO8L3M,,,,,
Bjork,,,,,
dodie,,,,,
Gigolo Y La Exce,,,,,
Lloyd Banks,,,,,
K. S. Chithra,,,,,
Yasin,,,,,
Hayden James,,,,,
Mula B,,,,,
Ben Rector,,,,,
Soft Cell,,,,,
PA Sports,,,,,
Eno,,,,,
Dinos,,,,,
Natalie Cole,,,,,
Reyli Barba,,,,,
MamboLosco,,,,,
Arjan Dhillon,,,,,
Randy Travis,,,,,
Marco Borsato,,,,,
NOFX,,,,,
Krono,,,,,
Maelo Ruiz,,,,,
Alan Menken,,,,,
The Bangles,,,,,
Pi’erre Bourne,,,,,
Nea,,,,,
Bloodhound Gang,,,,,
Baby Rasta & Gringo,,,,,
Extremoduro,,,,,
Faith No More,,,,,
A Touch Of Class,,,,,
Guy Sebastian,,,,,
LIZOT,,,,,
BIN,,,,,
Yung Joc,,,,,
LunchMoney Lewis,,,,,
Jone Quest,,,,,
Die Toten Hosen,,,,,
Ze Ramalho,,,,,
Jessie Murph,,,,,
Mark Morrison,,,,,
Aaron Smith,,,,,
Tom MacDonald,,,,,
Q-Tip,,,,,
t-low,,,,,
The Roots,,,,,
Nils Frahm,,,,,
Vianney,,,,,
Salim–Sulaiman,,,,,
Young Cister,,,,,
Kotim,,,,,
B.B. King,,,,,
Ruelle,,,,,
JIN,,,,,
Liberacion,,,,,
The Glitch Mob,,,,,
Bagua Records,,,,,
The Monkees,,,,,
Julie Bergan,,,,,
DEAN,,,,,
Mimi Webb,,,,,
Jackson Browne,,,,,
Grupo Recluta,,,,,
Jairo Vera,,,,,
Steppenwolf,,,,,
Dharius,,,,,
Three 6 Mafia,,,,,
Ak4:20,,,,,
Nora En Pure,,,,,
Alexander 23,,,,,
Luciano Pereyra,,,,,
Styles Of Beyond,,,,,
LCD Soundsystem,,,,,
Eraserheads,,,,,
DaniLeigh,,,,,
Daniel Hope,,,,,
The War On Drugs,,,,,
Edicion Especial,,,,,
KC & The Sunshine Band,,,,,
Edward Maya,,,,,
Destroy Lonely,,,,,
Jackson Wang,,,,,
Harris & Ford,,,,,
YOVNGCHIMI,,,,,
Young Buck,,,,,
Ikky,,,,,
Bloc Party,,,,,
Klangkarussell,,,,,
Silent Sanctuary,,,,,
City and Colour,,,,,
Jesse McCartney,,,,,
Elodie,,,,,
Switchfoot,,,,,
MisterWives,,,,,
Redimi2,,,,,
Ñejo & Dalmata,,,,,
Caravan Palace,,,,,
SAYGRACE,,,,,
Encanto - Cast,,,,,
Haddaway,,,,,
Sonny Fodera,,,,,
Chris Isaak,,,,,
Vince Guaraldi Trio,,,,,
La Roux,,,,,
Zeynep Bastık,,,,,
Kraantje Pappie,,,,,
Of Mice & Men,,,,,
Glenn Fredly,,,,,
Wilbur Soot,,,,,
PVRIS,,,,,
Bakar,,,,,
Boomdabash,,,,,
Ace Hood,,,,,
Krept & Konan,,,,,
Enigma Norteño,,,,,
Hiroyuki Sawano,,,,,
Walk off the Earth,,,,,
Marcos Witt,,,,,
TAEYANG,,,,,
IZAL,,,,,
Neo Pistea,,,,,
Shallou,,,,,
Luh Kel,,,,,
Assassin's Creed,,,,,
StaySolidRocky,,,,,
Naiara Azevedo,,,,,
Skip Marley,,,,,
Count Basie,,,,,
Yuri,,,,,
Aluna,,,,,
Ben Platt,,,,,
Uncle Kracker,,,,,
Sidoka,,,,,
Pk,,,,,
Remy Ma,,,,,
GZA,,,,,
Bootsy Collins,,,,,
Unlike Pluto,,,,,
Josh Groban,,,,,
Banda Pequeños Musical,,,,,
Alta Consigna,,,,,
Stunna 4 Vegas,,,,,
Dr. Dog,,,,,
Ice Nine Kills,,,,,
Grupo Los de la O,,,,,
Andre Hazes,,,,,
Zak Abel,,,,,
"Royce Da 5'9""",,,,,
Maher Zain,,,,,
Vetusta Morla,,,,,
Pat Benatar,,,,,
Mumuzinho,,,,,
Amon Amarth,,,,,
Werenoi,,,,,
Night Skinny,,,,,
Pras,,,,,
Harry Nach,,,,,
Victor Leksell,,,,,
Jain,,,,,
BABYMETAL,,,,,
Amaranthe,,,,,
Lainey Wilson,,,,,
Flatbush Zombies,,,,,
Richard Marx,,,,,
IZ*ONE,,,,,
Chris Nolan,,,,,
Azealia Banks,,,,,
Vanessa Hudgens,,,,,
Ayo & Teo,,,,,
Tritonal,,,,,
Seeed,,,,,
Lali,,,,,
"Luis Angel ""El Flaco""",,,,,
Calboy,,,,,
Madeon,,,,,
VillaBanks,,,,,
Afgan,,,,,
Beach Weather,,,,,
Madvillain,,,,,
Marwa Loud,,,,,
Kurupt,,,,,
Burl Ives,,,,,
Georgia Ku,,,,,
Styx,,,,,
Tom Waits,,,,,
Charlotte Lawrence,,,,,
Don Patricio,,,,,
Andmesh,,,,,
Andy Mineo,,,,,
Justice,,,,,
Salaam Remi,,,,,
Mayday,,,,,
Mako,,,,,
Neoni,,,,,
Joan Jett & the Blackhearts,,,,,
Toploader,,,,,
Drowning Pool,,,,,
Harrdy Sandhu,,,,,
Gregory Porter,,,,,
Gaullin,,,,,
BK,,,,,
Bahamas,,,,,
Sabino,,,,,
JayDaYoungan,,,,,
Bvga Beatz,,,,,
salem ilese,,,,,
Cami,,,,,
Raymix,,,,,
MC Rick,,,,,
SALES,,,,,
Tommy Torres,,,,,
Travis Tritt,,,,,
t.A.T.u.,,,,,
Monia,,,,,
Otto Knows,,,,,
Ska-P,,,,,
KREAM,,,,,
Delacruz,,,,,
Dexys Midnight Runners,,,,,
Bush,,,,,
Yung Pinch,,,,,
Zeds Dead,,,,,
Los Palmeras,,,,,
The Hollies,,,,,
ZAAC,,,,,
CHUNG HA,,,,,
Wincent Weiss,,,,,
Bassjackers,,,,,
Colt Ford,,,,,
Slimane,,,,,
Natalie Imbruglia,,,,,
Leonardo,,,,,
Styles P,,,,,
Dave East,,,,,
Basshunter,,,,,
Blasterjaxx,,,,,
Soso Maness,,,,,
Bella Poarch,,,,,
Diego Verdaguer,,,,,
Asha Bhosle,,,,,
Reba McEntire,,,,,
Berner,,,,,
"Grover Washington, Jr.",,,,,
Los Dareyes De La Sierra,,,,,
Bonn,,,,,
David Gray,,,,,
Ummet Ozcan,,,,,
Maikel Delacalle,,,,,
Capital Inicial,,,,,
Feist,,,,,